Title,Media URL,Pinterest board,Thumbnail,Description,Link,Publish date,Keywords,media_brief
Premium Realtor Business Cards That Get Remembered,,Realtor Business Cards,,"The card you hand a buyer at an open house decides if they remember you. Metallic foil, painted edges and tap-to-share NFC for realtors. From $39.",https://procardcrafters.com/business-cards/for/realtors?utm_source=pinterest&utm_medium=social&utm_campaign=niche_realtors,,"realtor business cards, real estate marketing, foil business cards, open house ideas",P4 licensed-stock/editor-render: realtor handing a foil card at an open house; OR editor render of a navy+gold real-estate card. NO synthetic factory/staff.
NFC Business Cards for Realtors — Tap to Share Your Listings,,Realtor Business Cards,,"One tap opens your active listings or booking link before the buyer leaves the showing. NFC smart cards built for real estate. No app needed.",https://procardcrafters.com/business-cards/for/realtors?utm_source=pinterest&utm_medium=social&utm_campaign=niche_realtors,,"nfc business card, smart business card, realtor tech, tap to share",P6 editor-render: card + phone tap graphic, abstract. Real product render only.
Just-Sold? Hand Them a Card That Outlasts the Listing,,Realtor Business Cards,,"Painted-edge, ultra-thick cards for agents who close. Pair with just-listed door hangers for a premium real estate brand.",https://procardcrafters.com/business-cards/for/realtors?utm_source=pinterest&utm_medium=social&utm_campaign=niche_realtors,,"real estate branding, painted edge cards, agent marketing, luxury business cards",P3 real-capture/abstract: macro of painted edge on thick stock. No staff/equipment.
Business Cards for Photographers — A Sample of Your Craft,,Photographer Business Cards,,"Clients judge your eye before they see your gallery. Heavy textured stock, letterpress and foil, with QR-to-portfolio. From $39.",https://procardcrafters.com/business-cards/for/photographers?utm_source=pinterest&utm_medium=social&utm_campaign=niche_photographers,,"photographer business cards, photography branding, letterpress cards, portfolio card",P5 editor-render: image-forward photo card front + letterpress back. Real render.
QR Business Cards That Open Your Portfolio Instantly,,Photographer Business Cards,,"A single tap or scan takes clients straight to your gallery or booking calendar. Smart cards for wedding and event photographers.",https://procardcrafters.com/business-cards/for/photographers?utm_source=pinterest&utm_medium=social&utm_campaign=niche_photographers,,"qr business card, photographer marketing, wedding photographer, booking link",P6 editor-render: card + QR scan to gallery, abstract graphic.
Letterpress Cards on Cotton Stock for Photographers,,Photographer Business Cards,,"Deep tactile impressions on thick cotton — the card in a client's hand feels like the quality they're paying for.",https://procardcrafters.com/business-cards/for/photographers?utm_source=pinterest&utm_medium=social&utm_campaign=niche_photographers,,"letterpress business cards, cotton stock, fine print, photographer branding",P3 real-capture: macro of letterpress impression on cotton stock.
Metallic Foil Business Cards That Catch the Light,,Foil & Metallic Business Cards,,"Gold, silver, rose-gold and holographic foils that shine the moment you hand a card over. Premium foil stamping for any profession.",https://procardcrafters.com/business-cards/for?utm_source=pinterest&utm_medium=social&utm_campaign=finish_foil-stamping,,"foil business cards, gold foil cards, metallic business cards, luxury cards",P1 real-capture: foil strike close-up / foil catching light. Abstract foil texture OK. No press machinery as 'ours'.
Holographic Foil Business Card Ideas,,Foil & Metallic Business Cards,,"Holographic and rose-gold foil details for brands that want to stand out in a stack. Oddly satisfying to hold.",https://procardcrafters.com/business-cards/for?utm_source=pinterest&utm_medium=social&utm_campaign=finish_foil-stamping,,"holographic business cards, rose gold foil, premium business cards, design ideas",P3 abstract-texture: holographic foil macro on card corner.
Painted Edge Business Cards — A Band of Color You Can't Ignore,,Painted Edge Cards,,"A bold stripe of color along the edge of an ultra-thick card. Impossible to ignore in a stack of ordinary cards.",https://procardcrafters.com/business-cards/for?utm_source=pinterest&utm_medium=social&utm_campaign=finish_painted-edges,,"painted edge business cards, thick business cards, colored edge cards, luxury print",P3 real-capture: macro of painted edge stack, color band sharp.
Ultra-Thick Cards With Color-Painted Edges,,Painted Edge Cards,,"Triplex and ultra-thick stocks with hand-painted edges. The detail people notice the second you hand it over.",https://procardcrafters.com/business-cards/for?utm_source=pinterest&utm_medium=social&utm_campaign=finish_painted-edges,,"triplex business cards, painted edges, premium business cards, edge color",P3 abstract-texture: edge-on macro, shallow depth of field.
Letterpress & Textured Business Cards,,Letterpress & Textured Cards,,"Linen, cotton, kraft and suede-touch papers that signal quality before a word is read. Letterpress impressions you can feel.",https://procardcrafters.com/business-cards/for?utm_source=pinterest&utm_medium=social&utm_campaign=finish_letterpress,,"letterpress business cards, textured cards, cotton business cards, kraft cards",P3 real-capture: raking-light macro across textured/letterpress stock.
Spot UV Gloss Business Card Ideas,,Letterpress & Textured Cards,,"Raised glossy accents on a matte card — logos and details you can feel as well as see. Spot UV done right.",https://procardcrafters.com/business-cards/for?utm_source=pinterest&utm_medium=social&utm_campaign=finish_spot-uv,,"spot uv business cards, matte business cards, gloss accent, premium finishes",P3 real-capture: spot UV catching light against matte field, macro.
NFC & QR Smart Business Cards — Tap to Share,,NFC / QR Smart Cards,,"One card opens your portfolio, listings, booking link or contact details instantly. No app. The future of networking.",https://procardcrafters.com/business-cards/for?utm_source=pinterest&utm_medium=social&utm_campaign=finish_nfc-smart,,"nfc business card, smart business card, digital business card, qr card",P6 editor-render: tap-to-phone graphic, abstract, real card render.
"Premium Business Card Design Ideas (Foil, Edges, Letterpress)",,Business Card Design Ideas,,"A roundup of premium finishes — foil, painted edges, letterpress, spot UV, textured stock and NFC. Find the look for your profession.",https://procardcrafters.com/business-cards/for?utm_source=pinterest&utm_medium=social&utm_campaign=ideas,,"business card design ideas, premium business cards, finishes, design inspiration",P5 editor-render: grid/collage of real template renders across finishes.
